# fname,class
10685.png,0
10777.png,0
10978.png,0
11488.png,0
12429.png,0
12857.png,0
12966.png,0
1410.png,0
14301.png,0
15385.png,0
15692.png,0
15880.png,0
1590.png,0
16164.png,0
17032.png,0
17237.png,0
17645.png,0
18.png,0
18145.png,0
18189.png,0
18586.png,0
18646.png,0
18741.png,0
19802.png,0
2003.png,0
20424.png,0
20826.png,0
20827.png,0
21184.png,0
21684.png,0
22031.png,0
22466.png,0
22904.png,0
22974.png,0
23184.png,0
23215.png,0
2465.png,0
24912.png,0
2520.png,0
25210.png,0
25453.png,0
26366.png,0
29221.png,0
29335.png,0
29398.png,0
29955.png,0
30662.png,0
30747.png,0
30919.png,0
31319.png,0
31349.png,0
31396.png,0
31424.png,0
31528.png,0
31643.png,0
31672.png,0
31762.png,0
32004.png,0
32299.png,0
32333.png,0
32812.png,0
34187.png,0
34549.png,0
35081.png,0
35086.png,0
35132.png,0
35701.png,0
35722.png,0
36045.png,0
36139.png,0
36140.png,0
36228.png,0
36384.png,0
3686.png,0
36916.png,0
36985.png,0
37319.png,0
3827.png,0
39287.png,0
39497.png,0
39542.png,0
39561.png,0
3987.png,0
41243.png,0
41371.png,0
420.png,0
42172.png,0
42572.png,0
42736.png,0
43183.png,0
45196.png,0
45622.png,0
46028.png,0
46204.png,0
46227.png,0
46589.png,0
47840.png,0
4835.png,0
48782.png,0
48995.png,0
49013.png,0
49223.png,0
49405.png,0
49760.png,0
50139.png,0
50208.png,0
50945.png,0
51553.png,0
5162.png,0
51682.png,0
51699.png,0
52174.png,0
52877.png,0
53139.png,0
53246.png,0
53737.png,0
53776.png,0
53928.png,0
54251.png,0
55451.png,0
55762.png,0
55859.png,0
56797.png,0
57306.png,0
5745.png,0
5774.png,0
57769.png,0
57877.png,0
58080.png,0
58568.png,0
58813.png,0
58848.png,0
59044.png,0
5906.png,0
59378.png,0
60053.png,0
60493.png,0
6080.png,0
6147.png,0
61777.png,0
62337.png,0
62372.png,0
62927.png,0
63541.png,0
63550.png,0
64110.png,0
64156.png,0
64220.png,0
6454.png,0
64544.png,0
6456.png,0
64684.png,0
65504.png,0
65894.png,0
66428.png,0
66843.png,0
67074.png,0
67569.png,0
67888.png,0
68324.png,0
68341.png,0
68410.png,0
69030.png,0
70445.png,0
70903.png,0
71152.png,0
71248.png,0
71513.png,0
71970.png,0
72065.png,0
72761.png,0
72799.png,0
73514.png,0
73666.png,0
74043.png,0
74259.png,0
74432.png,0
75078.png,0
75901.png,0
76316.png,0
77204.png,0
77443.png,0
77480.png,0
77646.png,0
78129.png,0
78224.png,0
80463.png,0
80893.png,0
80985.png,0
81346.png,0
814.png,0
81595.png,0
81874.png,0
81978.png,0
8214.png,0
82373.png,0
82852.png,0
83144.png,0
83619.png,0
83741.png,0
83861.png,0
84917.png,0
85250.png,0
86120.png,0
86285.png,0
86456.png,0
86671.png,0
87042.png,0
87089.png,0
87245.png,0
87278.png,0
88545.png,0
88919.png,0
89302.png,0
89622.png,0
90256.png,0
90749.png,0
90779.png,0
90875.png,0
90945.png,0
91197.png,0
91391.png,0
91461.png,0
92187.png,0
92406.png,0
9258.png,0
92998.png,0
93304.png,0
93341.png,0
94117.png,0
94136.png,0
94453.png,0
94776.png,0
95359.png,0
95575.png,0
95956.png,0
96236.png,0
96248.png,0
96635.png,0
96689.png,0
96767.png,0
97761.png,0
97909.png,0
98006.png,0
98441.png,0
98499.png,0
98541.png,0
99286.png,0
99329.png,0
99530.png,0
0.png,0
0.png.png,0
10317.png,0
10317.png.png,0
10368.png,0
10368.png.png,0
10428.png,0
10428.png.png,0
11888.png,0
11888.png.png,0
12095.png,0
12095.png.png,0
12578.png,0
12578.png.png,0
12703.png,0
12703.png.png,0
13209.png,0
13209.png.png,0
13561.png,0
13561.png.png,0
1454.png,0
1454.png.png,0
15055.png,0
15055.png.png,0
15701.png,0
15701.png.png,0
16442.png,0
16442.png.png,0
1664.png,0
1664.png.png,0
16840.png,0
16840.png.png,0
17952.png,0
17952.png.png,0
18060.png,0
18060.png.png,0
18066.png,0
18066.png.png,0
18217.png,0
18217.png.png,0
18246.png,0
18246.png.png,0
18392.png,0
18392.png.png,0
18738.png,0
18738.png.png,0
19477.png,0
19477.png.png,0
19618.png,0
19618.png.png,0
19627.png,0
19627.png.png,0
19714.png,0
19714.png.png,0
20597.png,0
20597.png.png,0
21653.png,0
21653.png.png,0
21721.png,0
21721.png.png,0
21757.png,0
21757.png.png,0
22483.png,0
22483.png.png,0
22584.png,0
22584.png.png,0
2332.png,0
2332.png.png,0
23662.png,0
23662.png.png,0
2403.png,0
2403.png.png,0
24376.png,0
24376.png.png,0
24701.png,0
24701.png.png,0
25133.png,0
25133.png.png,0
25841.png,0
25841.png.png,0
26316.png,0
26316.png.png,0
26650.png,0
26650.png.png,0
27347.png,0
27347.png.png,0
27505.png,0
27505.png.png,0
27944.png,0
27944.png.png,0
28102.png,0
28102.png.png,0
28420.png,0
28420.png.png,0
28552.png,0
28552.png.png,0
29124.png,0
29124.png.png,0
29175.png,0
29175.png.png,0
29297.png,0
29297.png.png,0
30361.png,0
30361.png.png,0
30640.png,0
30640.png.png,0
31284.png,0
31284.png.png,0
31366.png,0
31366.png.png,0
31798.png,0
31798.png.png,0
32122.png,0
32122.png.png,0
32448.png,0
32448.png.png,0
32882.png,0
32882.png.png,0
33418.png,0
33418.png.png,0
34558.png,0
34558.png.png,0
34573.png,0
34573.png.png,0
35700.png,0
35700.png.png,0
35858.png,0
35858.png.png,0
36355.png,0
36355.png.png,0
36541.png,0
36541.png.png,0
37049.png,0
37049.png.png,0
37175.png,0
37175.png.png,0
37558.png,0
37558.png.png,0
37588.png,0
37588.png.png,0
37900.png,0
37900.png.png,0
392.png,0
392.png.png,0
40092.png,0
40092.png.png,0
40113.png,0
40113.png.png,0
4028.png,0
4028.png.png,0
41798.png,0
41798.png.png,0
41908.png,0
41908.png.png,0
41919.png,0
41919.png.png,0
42150.png,0
42150.png.png,0
42394.png,0
42394.png.png,0
43041.png,0
43041.png.png,0
4323.png,0
4323.png.png,0
44136.png,0
44136.png.png,0
4416.png,0
4416.png.png,0
44651.png,0
44651.png.png,0
44662.png,0
44662.png.png,0
44730.png,0
44730.png.png,0
45125.png,0
45125.png.png,0
45409.png,0
45409.png.png,0
45513.png,0
45513.png.png,0
45841.png,0
45841.png.png,0
45849.png,0
45849.png.png,0
45912.png,0
45912.png.png,0
46136.png,0
46136.png.png,0
46395.png,0
46395.png.png,0
47412.png,0
47412.png.png,0
47594.png,0
47594.png.png,0
48723.png,0
48723.png.png,0
48744.png,0
48744.png.png,0
48844.png,0
48844.png.png,0
49683.png,0
49683.png.png,0
4994.png,0
4994.png.png,0
5003.png,0
5003.png.png,0
50065.png,0
50065.png.png,0
50443.png,0
50443.png.png,0
50830.png,0
50830.png.png,0
50975.png,0
50975.png.png,0
51306.png,0
51306.png.png,0
51422.png,0
51422.png.png,0
51581.png,0
51581.png.png,0
51628.png,0
51628.png.png,0
51878.png,0
51878.png.png,0
52119.png,0
52119.png.png,0
52236.png,0
52236.png.png,0
52290.png,0
52290.png.png,0
52696.png,0
52696.png.png,0
52783.png,0
52783.png.png,0
54096.png,0
54096.png.png,0
54113.png,0
54113.png.png,0
54479.png,0
54479.png.png,0
54553.png,0
54553.png.png,0
54980.png,0
54980.png.png,0
55668.png,0
55668.png.png,0
56136.png,0
56136.png.png,0
56268.png,0
56268.png.png,0
5627.png,0
5627.png.png,0
56322.png,0
56322.png.png,0
56424.png,0
56424.png.png,0
56751.png,0
56751.png.png,0
57020.png,0
57020.png.png,0
57095.png,0
57095.png.png,0
57475.png,0
57475.png.png,0
57672.png,0
57672.png.png,0
58759.png,0
58759.png.png,0
5903.png,0
5903.png.png,0
59416.png,0
59416.png.png,0
59430.png,0
59430.png.png,0
59661.png,0
59661.png.png,0
59844.png,0
59844.png.png,0
60407.png,0
60407.png.png,0
60459.png,0
60459.png.png,0
60905.png,0
60905.png.png,0
61065.png,0
61065.png.png,0
61110.png,0
61110.png.png,0
61868.png,0
61868.png.png,0
6195.png,0
6195.png.png,0
62169.png,0
62169.png.png,0
62332.png,0
62332.png.png,0
6243.png,0
6243.png.png,0
6344.png,0
6344.png.png,0
63523.png,0
63523.png.png,0
63740.png,0
63740.png.png,0
64479.png,0
64479.png.png,0
65574.png,0
65574.png.png,0
66286.png,0
66286.png.png,0
6661.png,0
6661.png.png,0
66750.png,0
66750.png.png,0
66945.png,0
66945.png.png,0
67076.png,0
67076.png.png,0
67111.png,0
67111.png.png,0
67175.png,0
67175.png.png,0
67442.png,0
67442.png.png,0
6746.png,0
6746.png.png,0
67588.png,0
67588.png.png,0
67997.png,0
67997.png.png,0
68292.png,0
68292.png.png,0
68918.png,0
68918.png.png,0
6901.png,0
6901.png.png,0
69256.png,0
69256.png.png,0
69441.png,0
69441.png.png,0
69715.png,0
69715.png.png,0
69976.png,0
69976.png.png,0
70733.png,0
70733.png.png,0
7164.png,0
7164.png.png,0
7170.png,0
7170.png.png,0
72469.png,0
72469.png.png,0
72611.png,0
72611.png.png,0
7280.png,0
7280.png.png,0
72808.png,0
72808.png.png,0
72916.png,0
72916.png.png,0
73121.png,0
73121.png.png,0
73310.png,0
73310.png.png,0
74181.png,0
74181.png.png,0
75741.png,0
75741.png.png,0
75983.png,0
75983.png.png,0
76274.png,0
76274.png.png,0
77618.png,0
77618.png.png,0
77628.png,0
77628.png.png,0
77838.png,0
77838.png.png,0
77869.png,0
77869.png.png,0
78795.png,0
78795.png.png,0
78805.png,0
78805.png.png,0
79080.png,0
79080.png.png,0
79093.png,0
79093.png.png,0
79624.png,0
79624.png.png,0
79935.png,0
79935.png.png,0
79938.png,0
79938.png.png,0
80612.png,0
80612.png.png,0
80624.png,0
80624.png.png,0
80881.png,0
80881.png.png,0
81145.png,0
81145.png.png,0
81756.png,0
81756.png.png,0
81884.png,0
81884.png.png,0
82321.png,0
82321.png.png,0
83123.png,0
83123.png.png,0
83331.png,0
83331.png.png,0
83399.png,0
83399.png.png,0
83475.png,0
83475.png.png,0
83790.png,0
83790.png.png,0
84152.png,0
84152.png.png,0
84304.png,0
84304.png.png,0
84336.png,0
84336.png.png,0
84364.png,0
84364.png.png,0
84764.png,0
84764.png.png,0
85483.png,0
85483.png.png,0
86666.png,0
86666.png.png,0
87110.png,0
87110.png.png,0
88419.png,0
88419.png.png,0
89306.png,0
89306.png.png,0
89432.png,0
89432.png.png,0
9030.png,0
9030.png.png,0
90376.png,0
90376.png.png,0
90850.png,0
90850.png.png,0
90880.png,0
90880.png.png,0
91081.png,0
91081.png.png,0
92156.png,0
92156.png.png,0
92277.png,0
92277.png.png,0
93498.png,0
93498.png.png,0
94017.png,0
94017.png.png,0
94225.png,0
94225.png.png,0
94806.png,0
94806.png.png,0
9489.png,0
9489.png.png,0
95571.png,0
95571.png.png,0
95681.png,0
95681.png.png,0
96200.png,0
96200.png.png,0
96489.png,0
96489.png.png,0
96759.png,0
96759.png.png,0
97005.png,0
97005.png.png,0
97201.png,0
97201.png.png,0
97329.png,0
97329.png.png,0
97567.png,0
97567.png.png,0
98359.png,0
98359.png.png,0
98632.png,0
98632.png.png,0
98652.png,0
98652.png.png,0
98971.png,0
98971.png.png,0
99128.png,0
99128.png.png,0
99130.png,0
99130.png.png,0
99215.png,0
99215.png.png,0
99636.png,0
99636.png.png,0
99894.png,0
99894.png.png,0
10079.png,0
1018.png,0
10272.png,0
10431.png,0
10870.png,0
11431.png,0
1208.png,0
121.png,0
13184.png,0
14049.png,0
14303.png,0
14385.png,0
14978.png,0
15047.png,0
1516.png,0
16944.png,0
17558.png,0
1774.png,0
17755.png,0
17910.png,0
17928.png,0
19110.png,0
19371.png,0
19422.png,0
19804.png,0
20426.png,0
20914.png,0
21144.png,0
22506.png,0
22545.png,0
2334.png,0
23450.png,0
23915.png,0
24576.png,0
24642.png,0
24995.png,0
25073.png,0
25142.png,0
25244.png,0
26492.png,0
27022.png,0
27603.png,0
2775.png,0
28672.png,0
29501.png,0
29685.png,0
29875.png,0
30691.png,0
3078.png,0
30788.png,0
31199.png,0
31263.png,0
32276.png,0
32566.png,0
32700.png,0
33428.png,0
33615.png,0
3413.png,0
34817.png,0
35172.png,0
35413.png,0
35583.png,0
35805.png,0
36346.png,0
3713.png,0
37222.png,0
37490.png,0
37891.png,0
38076.png,0
38438.png,0
39015.png,0
39150.png,0
39338.png,0
39520.png,0
39598.png,0
40074.png,0
40214.png,0
40305.png,0
40618.png,0
4077.png,0
40916.png,0
40960.png,0
41801.png,0
41890.png,0
42078.png,0
42520.png,0
42689.png,0
4316.png,0
43962.png,0
44494.png,0
44621.png,0
45023.png,0
45317.png,0
45909.png,0
46895.png,0
47478.png,0
47679.png,0
47904.png,0
48501.png,0
48943.png,0
49893.png,0
50190.png,0
50303.png,0
50575.png,0
50671.png,0
50707.png,0
51041.png,0
51064.png,0
51350.png,0
52325.png,0
53958.png,0
55227.png,0
55329.png,0
55494.png,0
55991.png,0
57462.png,0
58354.png,0
58435.png,0
58533.png,0
58777.png,0
59073.png,0
592.png,0
59218.png,0
60179.png,0
60512.png,0
60524.png,0
60825.png,0
60848.png,0
60882.png,0
61264.png,0
61745.png,0
62443.png,0
6254.png,0
62627.png,0
62992.png,0
6302.png,0
63554.png,0
63678.png,0
63884.png,0
64242.png,0
64244.png,0
64821.png,0
65246.png,0
65885.png,0
65981.png,0
66360.png,0
66539.png,0
66664.png,0
66899.png,0
66933.png,0
67061.png,0
67280.png,0
67691.png,0
68009.png,0
68071.png,0
68160.png,0
68413.png,0
68456.png,0
69485.png,0
69788.png,0
70847.png,0
71275.png,0
71593.png,0
71699.png,0
71725.png,0
72072.png,0
72894.png,0
7387.png,0
74038.png,0
74134.png,0
74520.png,0
74910.png,0
75013.png,0
76065.png,0
76276.png,0
76367.png,0
76420.png,0
76721.png,0
76762.png,0
76813.png,0
76879.png,0
76964.png,0
77270.png,0
77575.png,0
78007.png,0
78243.png,0
78728.png,0
79630.png,0
79649.png,0
79973.png,0
80102.png,0
80571.png,0
80861.png,0
81052.png,0
81111.png,0
81423.png,0
81545.png,0
81590.png,0
82367.png,0
8268.png,0
83330.png,0
8340.png,0
83721.png,0
84457.png,0
84832.png,0
85436.png,0
86101.png,0
8684.png,0
86871.png,0
87112.png,0
87257.png,0
87483.png,0
87606.png,0
87883.png,0
88102.png,0
883.png,0
89075.png,0
90248.png,0
90495.png,0
90594.png,0
90657.png,0
91032.png,0
91059.png,0
91222.png,0
91333.png,0
91518.png,0
91618.png,0
92009.png,0
92142.png,0
92195.png,0
9369.png,0
94242.png,0
950.png,0
95103.png,0
9519.png,0
95866.png,0
95912.png,0
9597.png,0
96016.png,0
96344.png,0
96921.png,0
97044.png,0
97942.png,0
98143.png,0
98416.png,0
98944.png,0
99088.png,0
99315.png,0
99547.png,0
99606.png,0
10897.png,0
11225.png,0
11752.png,0
11768.png,0
11843.png,0
12291.png,0
12364.png,0
13211.png,0
13556.png,0
13766.png,0
13993.png,0
14082.png,0
15419.png,0
15735.png,0
1585.png,0
16576.png,0
16937.png,0
17375.png,0
1839.png,0
18506.png,0
18734.png,0
18759.png,0
19107.png,0
19337.png,0
19944.png,0
19998.png,0
20340.png,0
20436.png,0
2078.png,0
20818.png,0
21145.png,0
21160.png,0
21547.png,0
22225.png,0
22478.png,0
2271.png,0
22762.png,0
22976.png,0
23178.png,0
23747.png,0
23798.png,0
24172.png,0
24447.png,0
2461.png,0
24826.png,0
24903.png,0
25005.png,0
25134.png,0
26056.png,0
26060.png,0
26161.png,0
26592.png,0
26903.png,0
27016.png,0
27220.png,0
27316.png,0
27489.png,0
28058.png,0
29514.png,0
29674.png,0
29704.png,0
2996.png,0
30262.png,0
30568.png,0
30569.png,0
3135.png,0
31428.png,0
31656.png,0
32676.png,0
32705.png,0
33270.png,0
33497.png,0
33811.png,0
3429.png,0
3431.png,0
35047.png,0
3542.png,0
35434.png,0
36274.png,0
36293.png,0
36405.png,0
36415.png,0
36734.png,0
3725.png,0
37909.png,0
38376.png,0
38571.png,0
38586.png,0
39260.png,0
4021.png,0
40343.png,0
40472.png,0
40924.png,0
40971.png,0
41206.png,0
41219.png,0
4126.png,0
41420.png,0
41490.png,0
41508.png,0
41683.png,0
41863.png,0
42049.png,0
42059.png,0
42292.png,0
42451.png,0
42560.png,0
42927.png,0
43889.png,0
43897.png,0
44052.png,0
44745.png,0
4486.png,0
44911.png,0
45018.png,0
45230.png,0
45809.png,0
4589.png,0
46456.png,0
4676.png,0
4683.png,0
47015.png,0
4723.png,0
47468.png,0
47529.png,0
47742.png,0
48027.png,0
48938.png,0
49059.png,0
49956.png,0
4999.png,0
5044.png,0
51250.png,0
51442.png,0
51626.png,0
52054.png,0
52474.png,0
52555.png,0
52715.png,0
528.png,0
52810.png,0
5347.png,0
53777.png,0
53990.png,0
54905.png,0
55313.png,0
55493.png,0
55949.png,0
58132.png,0
58276.png,0
60682.png,0
60908.png,0
61193.png,0
61215.png,0
61555.png,0
62632.png,0
62675.png,0
63139.png,0
63146.png,0
6316.png,0
6383.png,0
64539.png,0
64546.png,0
65588.png,0
65590.png,0
65649.png,0
66299.png,0
66586.png,0
67270.png,0
67518.png,0
67706.png,0
67850.png,0
68336.png,0
70145.png,0
70831.png,0
71746.png,0
71867.png,0
71877.png,0
72041.png,0
72269.png,0
72344.png,0
73295.png,0
73414.png,0
73515.png,0
73528.png,0
73775.png,0
73947.png,0
74161.png,0
75271.png,0
75782.png,0
76398.png,0
76488.png,0
76803.png,0
77305.png,0
78060.png,0
78185.png,0
78949.png,0
7902.png,0
79343.png,0
79379.png,0
79678.png,0
79704.png,0
79880.png,0
80110.png,0
80124.png,0
80660.png,0
80963.png,0
81104.png,0
81475.png,0
81651.png,0
82422.png,0
82937.png,0
83378.png,0
85594.png,0
85873.png,0
86986.png,0
87128.png,0
87447.png,0
87778.png,0
88052.png,0
88332.png,0
88378.png,0
89029.png,0
8910.png,0
89211.png,0
89222.png,0
89540.png,0
90044.png,0
91282.png,0
93224.png,0
9348.png,0
93574.png,0
93696.png,0
93965.png,0
93997.png,0
94400.png,0
94474.png,0
9474.png,0
94745.png,0
95514.png,0
95610.png,0
9581.png,0
96971.png,0
9719.png,0
97269.png,0
98131.png,0
99112.png,0
99318.png,0
99389.png,0
99516.png,0
1100.png,0
1107.png,0
1122.png,0
11251.png,0
11468.png,0
11556.png,0
11559.png,0
11784.png,0
12063.png,0
12228.png,0
12570.png,0
12619.png,0
12627.png,0
13545.png,0
13632.png,0
14162.png,0
14386.png,0
14625.png,0
1481.png,0
1494.png,0
1503.png,0
16227.png,0
17456.png,0
17523.png,0
17844.png,0
18205.png,0
18450.png,0
18533.png,0
18794.png,0
18898.png,0
19412.png,0
19635.png,0
20607.png,0
21095.png,0
21309.png,0
21448.png,0
21460.png,0
22183.png,0
22292.png,0
22543.png,0
22839.png,0
23365.png,0
23749.png,0
2399.png,0
24059.png,0
24550.png,0
24572.png,0
24870.png,0
2546.png,0
25474.png,0
25818.png,0
25867.png,0
25910.png,0
26265.png,0
26436.png,0
2670.png,0
2784.png,0
27932.png,0
28186.png,0
28739.png,0
28750.png,0
29097.png,0
29518.png,0
29726.png,0
29996.png,0
30155.png,0
31098.png,0
31269.png,0
32026.png,0
32039.png,0
32071.png,0
32334.png,0
32555.png,0
32724.png,0
32806.png,0
33194.png,0
33465.png,0
33564.png,0
33900.png,0
35564.png,0
35584.png,0
36043.png,0
36070.png,0
36222.png,0
36584.png,0
37571.png,0
37577.png,0
37584.png,0
38735.png,0
38794.png,0
38902.png,0
39217.png,0
39395.png,0
39432.png,0
39973.png,0
40621.png,0
41250.png,0
42332.png,0
42792.png,0
42954.png,0
43028.png,0
43773.png,0
44115.png,0
4422.png,0
45248.png,0
45405.png,0
45668.png,0
45715.png,0
46355.png,0
46389.png,0
47283.png,0
47292.png,0
47827.png,0
48472.png,0
4892.png,0
49161.png,0
50085.png,0
50345.png,0
5048.png,0
50665.png,0
50884.png,0
51209.png,0
51276.png,0
52195.png,0
52276.png,0
52587.png,0
52831.png,0
53748.png,0
5561.png,0
55788.png,0
56400.png,0
56426.png,0
56583.png,0
57489.png,0
5749.png,0
57501.png,0
57507.png,0
57862.png,0
58247.png,0
58501.png,0
5853.png,0
58766.png,0
59365.png,0
59646.png,0
59719.png,0
60224.png,0
60995.png,0
6106.png,0
61575.png,0
61641.png,0
62212.png,0
63171.png,0
6338.png,0
63603.png,0
63797.png,0
63811.png,0
63958.png,0
66534.png,0
66610.png,0
66923.png,0
67142.png,0
67292.png,0
67373.png,0
68707.png,0
68856.png,0
69077.png,0
69702.png,0
70521.png,0
70783.png,0
71090.png,0
71112.png,0
72625.png,0
72809.png,0
73721.png,0
73990.png,0
75334.png,0
75524.png,0
76511.png,0
76602.png,0
76801.png,0
77446.png,0
77969.png,0
78337.png,0
7898.png,0
79049.png,0
79120.png,0
79746.png,0
7976.png,0
80047.png,0
80361.png,0
80688.png,0
81046.png,0
81234.png,0
81326.png,0
81779.png,0
82385.png,0
82457.png,0
82687.png,0
8279.png,0
82820.png,0
83186.png,0
83336.png,0
83341.png,0
83414.png,0
83659.png,0
8388.png,0
83987.png,0
84715.png,0
85966.png,0
86007.png,0
86294.png,0
86868.png,0
86994.png,0
87893.png,0
88031.png,0
88245.png,0
88499.png,0
88624.png,0
88813.png,0
88973.png,0
8916.png,0
89281.png,0
89340.png,0
90983.png,0
91278.png,0
91907.png,0
92033.png,0
92314.png,0
93319.png,0
93401.png,0
93642.png,0
93889.png,0
95043.png,0
95412.png,0
95463.png,0
95964.png,0
9703.png,0
97427.png,0
97606.png,0
97697.png,0
97819.png,0
98057.png,0
98182.png,0
98584.png,0
9890.png,0
99178.png,0
99213.png,0
99256.png,0
99473.png,0
99939.png,0
2041063066.jpg,0
2041142688_2041142745.jpg,0
2041144513_2041144577.jpg,0
2041146919_2041146989.jpg,0
2041177067_2041177092.jpg,0
2041178183_2041178204.jpg,0
2041222024_2061.jpg,0
2041222293_2309.jpg,0
2041238340_8350.jpg,0
2041399049.jpg,0
2041399053.jpg,0
2041408829.jpg,0
2041411905_2041411958.jpg,0
2041452421.jpg,0
2041454869_2041454986.jpg,0
2041472248_2251.jpg,0
2041516609_6622.jpg,0
2041552279.jpg,0
2041554943_2041554966.jpg,0
2041566321.jpg,0
2041629576.jpg,0
2041644894_5078.jpg,0
2041680749_2041680771.jpg,0
2041737116.jpg,0
2041767163.jpg,0
2041772932_2041772952.jpg,0
2041785647_2041785657.jpg,0
2041787758_2041787815.jpg,0
2041816224_2041816233.jpg,0
2041823902.jpg,0
2041838062.jpg,0
2041840238_2041840262.jpg,0
2041849212.jpg,0
2041865546.jpg,0
2041950112.jpg,0
2041953896.jpg,0
2042016137_2042016138.jpg,0
2042036510_2042036560.jpg,0
2042050075.jpg,0
2042372006_2042372031.jpg,0
2042374071.jpg,0
2042824643.jpg,0
2042825475.jpg,0
2042839945_9948.jpg,0
2042854425.jpg,0
2042928507_2042928514.jpg,0
2043043082_2043043084.jpg,0
2043043103.jpg,0
2043043106_2043043108.jpg,0
2043520773_2043520775.jpg,0
2043524125.jpg,0
2043524523.jpg,0
2043561052_2043561066.jpg,0
2043561216_2043561221.jpg,0
2043561280_2043561290.jpg,0
2043591001.jpg,0
2043663155_2043663175.jpg,0
2043663176_2043663194.jpg,0
2043663197_2043663244.jpg,0
2043664097_2043664113.jpg,0
2043721015_1041.jpg,0
2043746865.jpg,0
2043746892.jpg,0
2043746926.jpg,0
2043819073_2043819074.jpg,0
2044046781_2044046793.jpg,0
2044164779_2044164781.jpg,0
2044186515_6519.jpg,0
2044187033_7036.jpg,0
2044187343_7378.jpg,0
2044313001_3006a.jpg,0
2044313707_3709.jpg,0
2044320515_0518.jpg,0
2044421617.jpg,0
2044438096_8105.jpg,0
2044458808.jpg,0
2044696678_6680.jpg,0
2044761865_2044761896.jpg,0
2044779405_2044779409.jpg,0
2044790346.jpg,0
2044793429_2044793431.jpg,0
2044849179.jpg,0
2045068491_2045068510.jpg,0
2045091347_2045091348.jpg,0
2045150443_2045150474.jpg,0
2045150475_2045150478.jpg,0
2045151114_2045151117.jpg,0
2045186864_2045186865.jpg,0
2045269848_2045269865.jpg,0
2045350299-a_2045350310.jpg,0
2045363439_3450.jpg,0
2045372371_2045372440.jpg,0
2045377608-a.jpg,0
2045413965.jpg,0
2045414639_2045414698.jpg,0
2045487154_2045487165.jpg,0
2045517852_7854.jpg,0
2045555228.jpg,0
2045555230.jpg,0
2045690093_0094.jpg,0
2045741326.jpg,0
2045757058_7059.jpg,0
2045864515_4518.jpg,0
2045994709.jpg,0
2045994872_2045994873.jpg,0
2046003601.jpg,0
2046015596_2046015617.jpg,0
2046020771.jpg,0
2046021287.jpg,0
2046027132_2046027139.jpg,0
2046062616_2620.jpg,0
2046093405.jpg,0
2046106279.jpg,0
2046287474_7476.jpg,0
2046322279_2046322281.jpg,0
2046322528.jpg,0
2046323153_2046323156.jpg,0
2046385201.jpg,0
2046406743_2046406749.jpg,0
2046466942_2046466943.jpg,0
2046467370_7375.jpg,0
2046471987_1989.jpg,0
2046474430_4431.jpg,0
2046474436_4437.jpg,0
2046484828_4831.jpg,0
2046489371_2046489375.jpg,0
2046518107_2046518108.jpg,0
2046554331_4332.jpg,0
2046554847.jpg,0
2046554853_4855.jpg,0
2046557714.jpg,0
2046570150_0164.jpg,0
2046585896.jpg,0
2046627427_2046627428.jpg,0
2046627777_2046627778.jpg,0
2046640649_2046640650.jpg,0
2046645342_2046645373.jpg,0
2046660756_0757.jpg,0
2046685669.jpg,0
2046714185.jpg,0
2046721363.jpg,0
2046829361_2046829363.jpg,0
2046855728_2046855731.jpg,0
2046882085_2116.jpg,0
2046916038_6040.jpg,0
2046941477_2046941478.jpg,0
2046952964.jpg,0
2046960975_0976.jpg,0
2046961023.jpg,0
2046965580.jpg,0
2046968345_8346.jpg,0
2046982001_2046982002.jpg,0
2047001905_2047001909.jpg,0
2047005254_2047005256.jpg,0
2047005503.jpg,0
2047023875_2047023876.jpg,0
2047023955_2047023956.jpg,0
2047066541_2047066542.jpg,0
2047066543_2047066546.jpg,0
2047097069_7071.jpg,0
2047125014_5015.jpg,0
2047138691_2047138704.jpg,0
2047183275.jpg,0
2047255262_2047255269.jpg,0
2047305474_5480.jpg,0
2047319379_9382.jpg,0
2047319433_9435.jpg,0
2047319732.jpg,0
2047319754_2047319756.jpg,0
2047320132_2047320148.jpg,0
2047320365_2047320369.jpg,0
2047366661.jpg,0
2047520465.jpg,0
2047526902.jpg,0
2047544312.jpg,0
2047575328_5331.jpg,0
2047578917_8918.jpg,0
2047628331.jpg,0
2047674826_4860.jpg,0
2047675424_5445.jpg,0
2047682192_2197.jpg,0
2047690455_0488.jpg,0
2047715448_2047715449.jpg,0
2047715473.jpg,0
2047717026.jpg,0
2047766719_6720.jpg,0
2047824098.jpg,0
2047832562.jpg,0
2047863293_2047863294.jpg,0
2047870423_2047870424.jpg,0
2047874113.jpg,0
2047896129_6163.jpg,0
2047903792.jpg,0
2047909192.jpg,0
2048180183_2048180185.jpg,0
2048183162_2048183172.jpg,0
2048187012.jpg,0
2048188848.jpg,0
2048198349a.jpg,0
2048231882_1885.jpg,0
2048237941.jpg,0
2048252861_2931.jpg,0
2048254618_4625.jpg,0
2048270960.jpg,0
2048271277.jpg,0
2048275022_5030.jpg,0
2048275559_5562.jpg,0
2048275595_5598.jpg,0
2048277029_7045.jpg,0
2048277887.jpg,0
2048277899_7900.jpg,0
2048280670.jpg,0
2048290001_2048290045.jpg,0
2048294419_4420.jpg,0
2048296720_2048296731.jpg,0
2048296775.jpg,0
2048305532_5533.jpg,0
2048309005_2048309006.jpg,0
2048318496_8500.jpg,0
2048318699_8710.jpg,0
2048327544_7545.jpg,0
2048333316.jpg,0
2048334076_2048334084.jpg,0
2048345600_5607.jpg,0
2048357608_7659.jpg,0
2048366353_6354.jpg,0
2048369830.jpg,0
2048371751_1753.jpg,0
2048375257.jpg,0
2048381900_1901.jpg,0
2048389263_9264.jpg,0
2048393050_3076.jpg,0
2048393195_3196.jpg,0
2048399881.jpg,0
2048458016_8017.jpg,0
2048458107_8110.jpg,0
2048458135_8136.jpg,0
2048529053_2048529060.jpg,0
2048579664_2048579667.jpg,0
2048583478.jpg,0
2048623059.jpg,0
2048693451.jpg,0
2048693507_3508.jpg,0
2048697106.jpg,0
2048751453.jpg,0
2048755278_5280.jpg,0
2048756814_6816.jpg,0
2048853134.jpg,0
2048856238_6239.jpg,0
2048857005.jpg,0
